artist.familiarity,artist.hotttnesss,artist.id
0.581793766,0.401997543,ARD7TVE1187B99BFB1
0.630630038,0.417499645,ARMJAGH1187FB546F3
0.487356791,0.343428378,ARKRRTF1187B9984DA
